quelles;Request;
donnes moi;Request;
actualité;type=news;
news;type=news;
résultats;param=sportNews;
France-Allemagne;topic=France-Allemagne;
France-Angleterres;topic=France-Angleterre;
dernières;param=latest;
dernières actualités;type=news;param=latest
dernières news;type=news;param=latest
aujourd’hui;param=today;
ces dernières vingt-quatre heures;param=today;
cette semaine;param=week;
en France;where=France;
dans le monde;where=Monde;
en Europe;where=Europe;
qu’est-ce qu’il s’est passé;Request;type=news
